folder,param1,param2,csv_name,c,d,Best_P,Delta_at_BestP,Mu_at_BestP
-10_-35,-10,-35,CHEES_-35_4200.csv,-35,4200,4.120075546,2.50444023,1.645108355
-12_-35,-12,-35,CHEES_-35_4200.csv,-35,4200,4.120075546,2.50444023,1.645108355
-14_-35,-14,-35,CHEES_-35_4200.csv,-35,4200,4.120075546,2.50444023,1.645108355
-16_-35,-16,-35,CHEES_-35_4200.csv,-35,4200,4.120075546,2.50444023,1.645108355
-18_-35,-18,-35,CHEES_-35_4200.csv,-35,4200,4.120075546,2.50444023,1.645108355
-20_-35,-20,-35,CHEES_-35_4200.csv,-35,4200,4.120075546,2.50444023,1.645108355
-22_-35,-22,-35,CHEES_-35_4200.csv,-35,4200,4.120075546,2.50444023,1.645108355
-24_-35,-24,-35,CHEES_-35_4200.csv,-35,4200,4.120075546,2.50444023,1.645108355
-26_-35,-26,-35,CHEES_-35_4200.csv,-35,4200,4.120075546,2.50444023,1.645108355
-28_-35,-28,-35,CHEES_-35_4200.csv,-35,4200,4.120075546,2.50444023,1.645108355
-5_-35,-5,-35,CHEES_-35_4200.csv,-35,4200,4.120075546,2.50444023,1.645108355
-6_-35,-6,-35,CHEES_-35_4200.csv,-35,4200,4.120075546,2.50444023,1.645108355
-7_-35,-7,-35,CHEES_-35_4200.csv,-35,4200,4.120075546,2.50444023,1.645108355
-8_-35,-8,-35,CHEES_-35_4200.csv,-35,4200,4.120075546,2.50444023,1.645108355
-30_-36,-30,-36,CHEES_-35_4200.csv,-35,4200,4.03536744,2.519362183,1.60174169
-28_-36,-28,-36,CHEES_-35_4200.csv,-35,4200,4.041994795,2.511508233,1.609389427
-26_-36,-26,-36,CHEES_-35_4200.csv,-35,4200,4.046140962,2.506953411,1.613967354
-24_-36,-24,-36,CHEES_-35_4200.csv,-35,4200,4.0489656,2.503945914,1.617033969
-22_-36,-22,-36,CHEES_-35_4200.csv,-35,4200,4.051451642,2.502100869,1.619219949
-20_-36,-20,-36,CHEES_-35_4200.csv,-35,4200,4.052843083,2.500520912,1.620799515
-18_-36,-18,-36,CHEES_-35_4200.csv,-35,4200,4.054059646,2.499366127,1.622035124
-16_-36,-16,-36,CHEES_-35_4200.csv,-35,4200,4.054571252,2.498304215,1.622929356
-14_-36,-14,-36,CHEES_-35_4200.csv,-35,4200,4.055400922,2.497481672,1.62379607
-12_-36,-12,-36,CHEES_-35_4200.csv,-35,4200,4.056478534,2.496908287,1.624600533
-10_-36,-10,-36,CHEES_-35_4200.csv,-35,4200,4.057136315,2.496501117,1.62512898
-8_-36,-8,-36,CHEES_-35_4200.csv,-35,4200,4.057580633,2.496023209,1.625618151
-6_-36,-6,-36,CHEES_-35_4200.csv,-35,4200,4.057713723,2.495629036,1.625928239
-7_-36,-7,-36,CHEES_-35_4200.csv,-35,4200,4.057756064,2.495805171,1.625830458
-5_-36,-5,-36,CHEES_-35_4200.csv,-35,4200,4.058241443,2.495502887,1.626221899
-30_-37,-30,-37,CHEES_-35_4200.csv,-35,4200,3.970011882,2.531008704,1.568549281
-28_-37,-28,-37,CHEES_-35_4200.csv,-35,4200,3.978103383,2.517394809,1.580246121
-26_-37,-26,-37,CHEES_-35_4200.csv,-35,4200,3.984289448,2.509282632,1.58782012
-24_-37,-24,-37,CHEES_-35_4200.csv,-35,4200,3.987933128,2.503743379,1.592788287
-22_-37,-22,-37,CHEES_-35_4200.csv,-35,4200,3.991031134,2.499813076,1.596531826
-20_-37,-20,-37,CHEES_-35_4200.csv,-35,4200,3.993479051,2.496945503,1.599345699
-18_-37,-18,-37,CHEES_-35_4200.csv,-35,4200,3.99590547,2.494748252,1.601726934
-16_-37,-16,-37,CHEES_-35_4200.csv,-35,4200,3.997501357,2.4930052,1.603486971
-14_-37,-14,-37,CHEES_-35_4200.csv,-35,4200,3.998882621,2.491513554,1.605001352
-12_-37,-12,-37,CHEES_-35_4200.csv,-35,4200,4.000189765,2.490358151,1.606270875
-10_-37,-10,-37,CHEES_-35_4200.csv,-35,4200,4.000734357,2.489195374,1.607239994
-8_-37,-8,-37,CHEES_-35_4200.csv,-35,4200,4.001657953,2.488296419,1.608191822
-7_-37,-7,-37,CHEES_-35_4200.csv,-35,4200,4.001835224,2.487845231,1.608554734
-6_-37,-6,-37,CHEES_-35_4200.csv,-35,4200,4.002237307,2.487592151,1.608880019
-5_-37,-5,-37,CHEES_-35_4200.csv,-35,4200,4.002597434,2.487304463,1.609210892
-30_-38,-30,-38,CHEES_-35_4200.csv,-35,4200,3.917952202,2.540520606,1.542184776
-28_-38,-28,-38,CHEES_-35_4200.csv,-35,4200,3.925163202,2.522008488,1.556363993
-26_-38,-26,-38,CHEES_-35_4200.csv,-35,4200,3.930949221,2.510881404,1.565565468
-24_-38,-24,-38,CHEES_-35_4200.csv,-35,4200,3.936310368,2.503539073,1.572298356
-22_-38,-22,-38,CHEES_-35_4200.csv,-35,4200,3.939833826,2.498095078,1.577135258
-20_-38,-20,-38,CHEES_-35_4200.csv,-35,4200,3.942613502,2.494082217,1.580787303
-18_-38,-18,-38,CHEES_-35_4200.csv,-35,4200,3.945884653,2.49095449,1.584085405
-16_-38,-16,-38,CHEES_-35_4200.csv,-35,4200,3.947171873,2.488208086,1.586351196
-14_-38,-14,-38,CHEES_-35_4200.csv,-35,4200,3.949793463,2.486364695,1.588581704
-12_-38,-12,-38,CHEES_-35_4200.csv,-35,4200,3.950153537,2.484319794,1.590034241
-10_-38,-10,-38,CHEES_-35_4200.csv,-35,4200,3.951702832,2.482967512,1.59152418
-8_-38,-8,-38,CHEES_-35_4200.csv,-35,4200,3.953343029,2.481632683,1.593041169
-7_-38,-7,-38,CHEES_-35_4200.csv,-35,4200,3.954125139,2.481254348,1.593599279
-6_-38,-6,-38,CHEES_-35_4200.csv,-35,4200,3.954696142,2.480813639,1.594112544
-5_-38,-5,-38,CHEES_-35_4200.csv,-35,4200,3.955155105,2.480284969,1.594637372
-30_-40,-30,-40,CHEES_-35_4200.csv,-35,4200,3.841750894,2.554520743,1.503902798
-28_-40,-28,-40,CHEES_-35_4200.csv,-35,4200,3.844720862,2.529829719,1.519754802
-26_-40,-26,-40,CHEES_-35_4200.csv,-35,4200,3.848966152,2.51424419,1.530864094
-24_-40,-24,-40,CHEES_-35_4200.csv,-35,4200,3.853603433,2.503550608,1.539255257
-22_-40,-22,-40,CHEES_-35_4200.csv,-35,4200,3.856673101,2.495370989,1.545530952
-20_-40,-20,-40,CHEES_-35_4200.csv,-35,4200,3.860608449,2.489599554,1.550694546
-18_-40,-18,-40,CHEES_-35_4200.csv,-35,4200,3.863269641,2.484598783,1.554886715
-16_-40,-16,-40,CHEES_-35_4200.csv,-35,4200,3.866940642,2.481088069,1.558566457
-14_-40,-14,-40,CHEES_-35_4200.csv,-35,4200,3.867901359,2.477615698,1.561138542
-12_-40,-12,-40,CHEES_-35_4200.csv,-35,4200,3.869279399,2.474779434,1.563484546
-10_-40,-10,-40,CHEES_-35_4200.csv,-35,4200,3.871461378,2.472570041,1.565764089
-8_-40,-8,-40,CHEES_-35_4200.csv,-35,4200,3.872991686,2.470480463,1.567707879
-7_-40,-7,-40,CHEES_-35_4200.csv,-35,4200,3.873298326,2.46959238,1.568395803
-6_-40,-6,-40,CHEES_-35_4200.csv,-35,4200,3.874221725,2.468938508,1.569185183
-5_-40,-5,-40,CHEES_-35_4200.csv,-35,4200,3.8748136,2.467997325,1.57002342
-26_-42,-26,-42,CHEES_-35_4200.csv,-35,4200,3.791202072,2.518699384,1.505222138
-28_-42,-28,-42,CHEES_-35_4200.csv,-35,4200,3.791461318,2.537894905,1.49393945
-30_-42,-30,-42,CHEES_-35_4200.csv,-35,4200,3.792403444,2.565943974,1.477975935
-24_-42,-24,-42,CHEES_-35_4200.csv,-35,4200,3.793867757,2.505273838,1.514352523
-22_-42,-22,-42,CHEES_-35_4200.csv,-35,4200,3.797286657,2.495476771,1.521667804
-20_-42,-20,-42,CHEES_-35_4200.csv,-35,4200,3.800104733,2.487708305,1.527552376
-18_-42,-18,-42,CHEES_-35_4200.csv,-35,4200,3.802793141,2.481785653,1.532281056
-16_-42,-16,-42,CHEES_-35_4200.csv,-35,4200,3.805149912,2.476591536,1.536446304
-14_-42,-14,-42,CHEES_-35_4200.csv,-35,4200,3.806860332,2.472438788,1.539718739
-12_-42,-12,-42,CHEES_-35_4200.csv,-35,4200,3.809239779,2.468806116,1.54294813
-10_-42,-10,-42,CHEES_-35_4200.csv,-35,4200,3.810642927,2.465877174,1.545349853
-8_-42,-8,-42,CHEES_-35_4200.csv,-35,4200,3.812631233,2.463305358,1.547770446
-7_-42,-7,-42,CHEES_-35_4200.csv,-35,4200,3.81325778,2.462156191,1.548747311
-6_-42,-6,-42,CHEES_-35_4200.csv,-35,4200,3.814079475,2.460964443,1.549831199
-5_-42,-5,-42,CHEES_-35_4200.csv,-35,4200,3.814824685,2.460020594,1.55072876
-26_-44,-26,-44,CHEES_-35_4200.csv,-35,4200,3.751311063,2.522151932,1.487345396
-24_-44,-24,-44,CHEES_-35_4200.csv,-35,4200,3.751970115,2.50708743,1.496545382
-28_-44,-28,-44,CHEES_-35_4200.csv,-35,4200,3.753740903,2.542873128,1.476180963
-22_-44,-22,-44,CHEES_-35_4200.csv,-35,4200,3.754191551,2.495749405,1.504234176
-20_-44,-20,-44,CHEES_-35_4200.csv,-35,4200,3.75613071,2.486860273,1.510390733
-18_-44,-18,-44,CHEES_-35_4200.csv,-35,4200,3.757835954,2.479529107,1.515544199
-16_-44,-16,-44,CHEES_-35_4200.csv,-35,4200,3.759721429,2.473659606,1.519902504
-30_-44,-30,-44,CHEES_-35_4200.csv,-35,4200,3.761002847,2.573784938,1.461273159
-14_-44,-14,-44,CHEES_-35_4200.csv,-35,4200,3.762100478,2.468855242,1.523823841
-12_-44,-12,-44,CHEES_-35_4200.csv,-35,4200,3.763946945,2.464514052,1.527257246
-10_-44,-10,-44,CHEES_-35_4200.csv,-35,4200,3.765822801,2.460952771,1.53022961
-8_-44,-8,-44,CHEES_-35_4200.csv,-35,4200,3.767605384,2.457729987,1.532961474
-7_-44,-7,-44,CHEES_-35_4200.csv,-35,4200,3.767920982,2.456241864,1.534018712
-6_-44,-6,-44,CHEES_-35_4200.csv,-35,4200,3.769126752,2.454896325,1.535350684
-5_-44,-5,-44,CHEES_-35_4200.csv,-35,4200,3.769729971,2.453572027,1.536425232
-22_-46,-22,-46,CHEES_-35_4200.csv,-35,4200,3.725040916,2.495602552,1.492641892
-24_-46,-24,-46,CHEES_-35_4200.csv,-35,4200,3.725495961,2.508303768,1.485265066
-20_-46,-20,-46,CHEES_-35_4200.csv,-35,4200,3.726462446,2.485892032,1.499044366
-26_-46,-26,-46,CHEES_-35_4200.csv,-35,4200,3.726970414,2.524748324,1.476175022
-18_-46,-18,-46,CHEES_-35_4200.csv,-35,4200,3.727539514,2.477540518,1.504532211
-16_-46,-16,-46,CHEES_-35_4200.csv,-35,4200,3.729263395,2.471262808,1.509051721
-14_-46,-14,-46,CHEES_-35_4200.csv,-35,4200,3.730491388,2.465470426,1.513095168
-28_-46,-28,-46,CHEES_-35_4200.csv,-35,4200,3.731500652,2.547032383,1.465038559
-12_-46,-12,-46,CHEES_-35_4200.csv,-35,4200,3.731832399,2.460641475,1.516609566
-10_-46,-10,-46,CHEES_-35_4200.csv,-35,4200,3.733776194,2.456565335,1.519917318
-8_-46,-8,-46,CHEES_-35_4200.csv,-35,4200,3.735251804,2.453047068,1.522698791
-7_-46,-7,-46,CHEES_-35_4200.csv,-35,4200,3.736050893,2.451241743,1.524146243
-6_-46,-6,-46,CHEES_-35_4200.csv,-35,4200,3.736587968,2.449794745,1.525265729
-5_-46,-5,-46,CHEES_-35_4200.csv,-35,4200,3.737384198,2.448344541,1.526494387
-30_-46,-30,-46,CHEES_-35_4200.csv,-35,4200,3.74330199,2.579510348,1.451167658
-20_-48,-20,-48,CHEES_-35_4200.csv,-35,4200,3.708642171,2.485747869,1.491962325
-22_-48,-22,-48,CHEES_-35_4200.csv,-35,4200,3.708855835,2.496463812,1.48564374
-18_-48,-18,-48,CHEES_-35_4200.csv,-35,4200,3.708995996,2.476927236,1.497418229
-16_-48,-16,-48,CHEES_-35_4200.csv,-35,4200,3.710002335,2.469634426,1.502247578
-24_-48,-24,-48,CHEES_-35_4200.csv,-35,4200,3.710269918,2.509922958,1.478240559
-14_-48,-14,-48,CHEES_-35_4200.csv,-35,4200,3.711166729,2.463626778,1.5063835
-10_-48,-10,-48,CHEES_-35_4200.csv,-35,4200,3.713633283,2.453700848,1.513482496
-26_-48,-26,-48,CHEES_-35_4200.csv,-35,4200,3.713851629,2.527490909,1.469382784
-12_-48,-12,-48,CHEES_-35_4200.csv,-35,4200,3.714042468,2.458559739,1.510657809
-8_-48,-8,-48,CHEES_-35_4200.csv,-35,4200,3.714822203,2.449466372,1.516584283
-7_-48,-7,-48,CHEES_-35_4200.csv,-35,4200,3.715460242,2.447689435,1.517945941
-6_-48,-6,-48,CHEES_-35_4200.csv,-35,4200,3.716180567,2.446009642,1.519282877
-5_-48,-5,-48,CHEES_-35_4200.csv,-35,4200,3.716553884,2.444271219,1.520516159
-28_-48,-28,-48,CHEES_-35_4200.csv,-35,4200,3.721785289,2.550899688,1.459008877
-30_-48,-30,-48,CHEES_-35_4200.csv,-35,4200,3.737251778,2.584267572,1.446155119
-18_-50,-18,-50,CHEES_-35_4200.csv,-35,4200,3.701045709,2.477282185,1.493994399
-14_-50,-14,-50,CHEES_-35_4200.csv,-35,4200,3.701277191,2.462680023,1.502946853
-16_-50,-16,-50,CHEES_-35_4200.csv,-35,4200,3.70148738,2.469434173,1.498921259
-20_-50,-20,-50,CHEES_-35_4200.csv,-35,4200,3.701544725,2.48676472,1.488498166
-12_-50,-12,-50,CHEES_-35_4200.csv,-35,4200,3.702084869,2.456963708,1.506772305
-10_-50,-10,-50,CHEES_-35_4200.csv,-35,4200,3.702613129,2.451888734,1.510106506
-22_-50,-22,-50,CHEES_-35_4200.csv,-35,4200,3.703059404,2.498341573,1.482207014
-8_-50,-8,-50,CHEES_-35_4200.csv,-35,4200,3.703652439,2.447466664,1.513259606
-7_-50,-7,-50,CHEES_-35_4200.csv,-35,4200,3.704113497,2.445407259,1.514722541
-6_-50,-6,-50,CHEES_-35_4200.csv,-35,4200,3.70428489,2.443474366,1.515990895
-5_-50,-5,-50,CHEES_-35_4200.csv,-35,4200,3.705221261,2.441856146,1.51737901
-24_-50,-24,-50,CHEES_-35_4200.csv,-35,4200,3.705613147,2.512391663,1.474934502
-26_-50,-26,-50,CHEES_-35_4200.csv,-35,4200,3.711143153,2.53040655,1.466619327
-28_-50,-28,-50,CHEES_-35_4200.csv,-35,4200,3.721439565,2.554648271,1.456732658
-30_-50,-30,-50,CHEES_-35_4200.csv,-35,4200,3.740578485,2.588673868,1.444978656
-12_-52,-12,-52,CHEES_-35_4200.csv,-35,4200,3.699788429,2.45662872,1.506042977
-14_-52,-14,-52,CHEES_-35_4200.csv,-35,4200,3.700064367,2.462771101,1.502398808
-16_-52,-16,-52,CHEES_-35_4200.csv,-35,4200,3.70020954,2.469995473,1.498063288
-10_-52,-10,-52,CHEES_-35_4200.csv,-35,4200,3.700610304,2.45127861,1.509665319
-18_-52,-18,-52,CHEES_-35_4200.csv,-35,4200,3.700632076,2.478311706,1.493206874
-8_-52,-8,-52,CHEES_-35_4200.csv,-35,4200,3.701281294,2.446571079,1.512844374
-6_-52,-6,-52,CHEES_-35_4200.csv,-35,4200,3.701462658,2.442217585,1.515615431
-7_-52,-7,-52,CHEES_-35_4200.csv,-35,4200,3.70163923,2.444438845,1.514310426
-20_-52,-20,-52,CHEES_-35_4200.csv,-35,4200,3.701970485,2.488043335,1.487904344
-5_-52,-5,-52,CHEES_-35_4200.csv,-35,4200,3.702424446,2.440363285,1.517161182
-22_-52,-22,-52,CHEES_-35_4200.csv,-35,4200,3.704726044,2.500263058,1.481734505
-24_-52,-24,-52,CHEES_-35_4200.csv,-35,4200,3.711058054,2.515375436,1.475349565
-26_-52,-26,-52,CHEES_-35_4200.csv,-35,4200,3.71687208,2.533817097,1.466906228
-28_-52,-28,-52,CHEES_-35_4200.csv,-35,4200,3.728773626,2.558524063,1.45739244
-30_-52,-30,-52,CHEES_-35_4200.csv,-35,4200,3.750582988,2.592848391,1.446510719
-10_-54,-10,-54,CHEES_-35_4200.csv,-35,4200,3.70476892,2.451699331,1.511102472
-12_-54,-12,-54,CHEES_-35_4200.csv,-35,4200,3.705080263,2.457292973,1.507789386
-7_-54,-7,-54,CHEES_-35_4200.csv,-35,4200,3.70527759,2.444369523,1.515841838
-6_-54,-6,-54,CHEES_-35_4200.csv,-35,4200,3.705610952,2.442256704,1.517289704
-8_-54,-8,-54,CHEES_-35_4200.csv,-35,4200,3.70567266,2.446800943,1.514496989
-14_-54,-14,-54,CHEES_-35_4200.csv,-35,4200,3.705681609,2.463887506,1.503997889
-16_-54,-16,-54,CHEES_-35_4200.csv,-35,4200,3.705810419,2.471253374,1.499567166
-5_-54,-5,-54,CHEES_-35_4200.csv,-35,4200,3.70585584,2.440085627,1.51874008
-18_-54,-18,-54,CHEES_-35_4200.csv,-35,4200,3.707612983,2.479941306,1.495040618
-20_-54,-20,-54,CHEES_-35_4200.csv,-35,4200,3.710325436,2.490436585,1.489829317
-22_-54,-22,-54,CHEES_-35_4200.csv,-35,4200,3.713717509,2.502824887,1.483810365
-24_-54,-24,-54,CHEES_-35_4200.csv,-35,4200,3.718589433,2.518056001,1.476769949
-26_-54,-26,-54,CHEES_-35_4200.csv,-35,4200,3.728306636,2.537389197,1.469347564
-28_-54,-28,-54,CHEES_-35_4200.csv,-35,4200,3.742955806,2.56251975,1.460654423
-30_-54,-30,-54,CHEES_-35_4200.csv,-35,4200,3.76790993,2.596895298,1.450928704
-6_-56,-6,-56,CHEES_-35_4200.csv,-35,4200,3.715288653,2.442931057,1.52083238
-8_-56,-8,-56,CHEES_-35_4200.csv,-35,4200,3.715315281,2.447672297,1.517897345
-7_-56,-7,-56,CHEES_-35_4200.csv,-35,4200,3.715351602,2.44521432,1.519438019
-5_-56,-5,-56,CHEES_-35_4200.csv,-35,4200,3.715432011,2.440819069,1.522207057
-12_-56,-12,-56,CHEES_-35_4200.csv,-35,4200,3.715592623,2.458825987,1.511124676
-10_-56,-10,-56,CHEES_-35_4200.csv,-35,4200,3.715773109,2.452898829,1.514849722
-14_-56,-14,-56,CHEES_-35_4200.csv,-35,4200,3.717212874,2.465643944,1.50760327
-16_-56,-16,-56,CHEES_-35_4200.csv,-35,4200,3.718064725,2.473348661,1.503251355
-18_-56,-18,-56,CHEES_-35_4200.csv,-35,4200,3.720221797,2.482331507,1.498680489
-20_-56,-20,-56,CHEES_-35_4200.csv,-35,4200,3.723802329,2.493295418,1.493526319
-22_-56,-22,-56,CHEES_-35_4200.csv,-35,4200,3.727800668,2.505968196,1.487569026
-24_-56,-24,-56,CHEES_-35_4200.csv,-35,4200,3.735425082,2.521729274,1.481295046
-26_-56,-26,-56,CHEES_-35_4200.csv,-35,4200,3.7463048,2.541323486,1.47415503
-28_-56,-28,-56,CHEES_-35_4200.csv,-35,4200,3.762279464,2.566516146,1.465909135
-30_-56,-30,-56,CHEES_-35_4200.csv,-35,4200,3.789740286,2.600971671,1.45704789
-5_-58,-5,-58,CHEES_-35_4200.csv,-35,4200,3.728952637,2.44192506,1.527054494
-6_-58,-6,-58,CHEES_-35_4200.csv,-35,4200,3.729699229,2.444455016,1.52577945
-7_-58,-7,-58,CHEES_-35_4200.csv,-35,4200,3.729785301,2.446787252,1.52436028
-8_-58,-8,-58,CHEES_-35_4200.csv,-35,4200,3.730448477,2.449294901,1.523070364
-10_-58,-10,-58,CHEES_-35_4200.csv,-35,4200,3.730755471,2.454800283,1.519779632
-12_-58,-12,-58,CHEES_-35_4200.csv,-35,4200,3.732226649,2.461014624,1.51653981
-14_-58,-14,-58,CHEES_-35_4200.csv,-35,4200,3.733805219,2.468101685,1.512824711
-16_-58,-16,-58,CHEES_-35_4200.csv,-35,4200,3.735144484,2.476211765,1.508410765
-18_-58,-18,-58,CHEES_-35_4200.csv,-35,4200,3.738230078,2.48557107,1.503972316
-20_-58,-20,-58,CHEES_-35_4200.csv,-35,4200,3.744158634,2.496999686,1.499462998
-22_-58,-22,-58,CHEES_-35_4200.csv,-35,4200,3.748324325,2.509588517,1.493601162
-24_-58,-24,-58,CHEES_-35_4200.csv,-35,4200,3.756293684,2.525498345,1.487347514
-26_-58,-26,-58,CHEES_-35_4200.csv,-35,4200,3.768220366,2.545319999,1.480450539
-28_-58,-28,-58,CHEES_-35_4200.csv,-35,4200,3.786713506,2.570845246,1.472944944
-30_-58,-30,-58,CHEES_-35_4200.csv,-35,4200,3.815745707,2.605128719,1.464705248
-5_-60,-5,-60,CHEES_-35_4300.csv,-35,4300,3.74760593,2.462700371,1.521746606
-6_-60,-6,-60,CHEES_-35_4200.csv,-35,4200,3.748879828,2.446570715,1.532299804
-8_-60,-8,-60,CHEES_-35_4200.csv,-35,4200,3.74908802,2.451630224,1.529222467
-7_-60,-7,-60,CHEES_-35_4200.csv,-35,4200,3.749268054,2.449023323,1.530923785
-10_-60,-10,-60,CHEES_-35_4200.csv,-35,4200,3.750025709,2.457313442,1.526067308
-12_-60,-12,-60,CHEES_-35_4200.csv,-35,4200,3.751646567,2.463735125,1.522747527
-14_-60,-14,-60,CHEES_-35_4200.csv,-35,4200,3.753821476,2.471139071,1.519065244
-16_-60,-16,-60,CHEES_-35_4200.csv,-35,4200,3.756668477,2.479376163,1.515166812
-18_-60,-18,-60,CHEES_-35_4200.csv,-35,4200,3.760551353,2.489054305,1.510835398
-20_-60,-20,-60,CHEES_-35_4200.csv,-35,4200,3.765337105,2.500339814,1.505930148
-22_-60,-22,-60,CHEES_-35_4200.csv,-35,4200,3.771329713,2.513557636,1.500395161
-24_-60,-24,-60,CHEES_-35_4200.csv,-35,4200,3.781226624,2.529930337,1.494597131
-26_-60,-26,-60,CHEES_-35_4200.csv,-35,4200,3.794912682,2.549900768,1.488258966
-28_-60,-28,-60,CHEES_-35_4200.csv,-35,4200,3.813868328,2.575244136,1.480973502
-30_-60,-30,-60,CHEES_-35_4200.csv,-35,4200,3.844756207,2.609306392,1.473478246
