folder,param1,param2,csv_name,c,d,Best_P,Delta_at_BestP,Mu_at_BestP
-12_-52,-12,-52,CHEES_-35_4200.csv,-35,4200,3.69978842926591,2.45662871970401,1.50604297653561
-14_-52,-14,-52,CHEES_-35_4200.csv,-35,4200,3.70006436706177,2.46277110121765,1.50239880808751
-16_-52,-16,-52,CHEES_-35_4200.csv,-35,4200,3.70020954000712,2.46999547332347,1.49806328795751
-10_-52,-10,-52,CHEES_-35_4200.csv,-35,4200,3.70061030388032,2.45127860959837,1.50966531890336
-18_-52,-18,-52,CHEES_-35_4200.csv,-35,4200,3.70063207565907,2.47831170573526,1.4932068742988
-18_-50,-18,-50,CHEES_-35_4200.csv,-35,4200,3.70104570926651,2.47728218524826,1.49399439890438
-14_-50,-14,-50,CHEES_-35_4200.csv,-35,4200,3.70127719087217,2.46268002284561,1.50294685323973
-8_-52,-8,-52,CHEES_-35_4200.csv,-35,4200,3.70128129385504,2.44657107917955,1.51284437446071
-6_-52,-6,-52,CHEES_-35_4200.csv,-35,4200,3.70146265770942,2.44221758512948,1.51561543092942
-16_-50,-16,-50,CHEES_-35_4200.csv,-35,4200,3.70148738005,2.46943417265005,1.49892125939027
-20_-50,-20,-50,CHEES_-35_4200.csv,-35,4200,3.7015447248439,2.48676472023993,1.48849816579622
-7_-52,-7,-52,CHEES_-35_4200.csv,-35,4200,3.70163923015864,2.44443884546081,1.51431042631006
-20_-52,-20,-52,CHEES_-35_4200.csv,-35,4200,3.70197048542985,2.48804333460572,1.48790434392354
-12_-50,-12,-50,CHEES_-35_4200.csv,-35,4200,3.70208486934905,2.45696370806056,1.50677230485889
-5_-52,-5,-52,CHEES_-35_4200.csv,-35,4200,3.70242444615313,2.4403632845257,1.51716118236581
-10_-50,-10,-50,CHEES_-35_4200.csv,-35,4200,3.70261312919996,2.45188873429757,1.5101065058161
-22_-50,-22,-50,CHEES_-35_4200.csv,-35,4200,3.70305940408362,2.49834157340875,1.48220701424391
-8_-50,-8,-50,CHEES_-35_4200.csv,-35,4200,3.70365243858018,2.44746666353763,1.51325960584355
-7_-50,-7,-50,CHEES_-35_4200.csv,-35,4200,3.70411349735136,2.44540725851073,1.51472254139263
-6_-50,-6,-50,CHEES_-35_4200.csv,-35,4200,3.70428488969847,2.44347436578762,1.51599089459015
-22_-52,-22,-52,CHEES_-35_4200.csv,-35,4200,3.70472604365674,2.50026305759389,1.48173450485724
-10_-54,-10,-54,CHEES_-35_4200.csv,-35,4200,3.70476891973116,2.45169933053798,1.51110247230773
-12_-54,-12,-54,CHEES_-35_4200.csv,-35,4200,3.70508026258082,2.45729297330004,1.50778938565272
-5_-50,-5,-50,CHEES_-35_4200.csv,-35,4200,3.70522126050317,2.44185614552294,1.5173790099374
-7_-54,-7,-54,CHEES_-35_4200.csv,-35,4200,3.70527758960475,2.44436952314723,1.51584183754429
-6_-54,-6,-54,CHEES_-35_4200.csv,-35,4200,3.70561095229109,2.44225670393827,1.51728970436056
-24_-50,-24,-50,CHEES_-35_4200.csv,-35,4200,3.70561314657231,2.5123916626779,1.47493450229913
-8_-54,-8,-54,CHEES_-35_4200.csv,-35,4200,3.70567266023051,2.44680094278619,1.51449698887676
-14_-54,-14,-54,CHEES_-35_4200.csv,-35,4200,3.70568160911179,2.46388750639186,1.50399788931047
-16_-54,-16,-54,CHEES_-35_4200.csv,-35,4200,3.70581041907506,2.47125337427197,1.49956716606074
-5_-54,-5,-54,CHEES_-35_4200.csv,-35,4200,3.70585584039356,2.44008562661062,1.51874008025741
-18_-54,-18,-54,CHEES_-35_4200.csv,-35,4200,3.70761298326115,2.47994130569786,1.49504061839795
-20_-48,-20,-48,CHEES_-35_4200.csv,-35,4200,3.70864217076604,2.48574786890233,1.49196232536799
-22_-48,-22,-48,CHEES_-35_4200.csv,-35,4200,3.70885583457034,2.49646381207661,1.48564374000889
-18_-48,-18,-48,CHEES_-35_4200.csv,-35,4200,3.70899599570679,2.47692723578852,1.49741822937566
-16_-48,-16,-48,CHEES_-35_4200.csv,-35,4200,3.71000233481725,2.4696344257922,1.50224757805081
-24_-48,-24,-48,CHEES_-35_4200.csv,-35,4200,3.71026991775822,2.50992295805282,1.47824055947782
-20_-54,-20,-54,CHEES_-35_4200.csv,-35,4200,3.71032543554072,2.49043658462069,1.48982931685684
-24_-52,-24,-52,CHEES_-35_4200.csv,-35,4200,3.71105805397344,2.515375435853,1.47534956455316
-26_-50,-26,-50,CHEES_-35_4200.csv,-35,4200,3.7111431528491,2.53040655049451,1.46661932728709
-14_-48,-14,-48,CHEES_-35_4200.csv,-35,4200,3.71116672909728,2.46362677821491,1.50638350009586
-10_-48,-10,-48,CHEES_-35_4200.csv,-35,4200,3.71363328277755,2.4537008479021,1.51348249561583
-22_-54,-22,-54,CHEES_-35_4200.csv,-35,4200,3.71371750939238,2.50282488695726,1.48381036513794
-26_-48,-26,-48,CHEES_-35_4200.csv,-35,4200,3.71385162929752,2.52749090915227,1.46938278426614
-12_-48,-12,-48,CHEES_-35_4200.csv,-35,4200,3.71404246813901,2.458559738667,1.51065780901168
-8_-48,-8,-48,CHEES_-35_4200.csv,-35,4200,3.71482220280754,2.44946637234654,1.51658428331425
-6_-56,-6,-56,CHEES_-35_4200.csv,-35,4200,3.71528865295286,2.4429310568613,1.52083237982422
-8_-56,-8,-56,CHEES_-35_4200.csv,-35,4200,3.71531528138291,2.44767229700721,1.51789734513303
-7_-56,-7,-56,CHEES_-35_4200.csv,-35,4200,3.71535160229513,2.44521431977954,1.51943801908951
-5_-56,-5,-56,CHEES_-35_4200.csv,-35,4200,3.71543201125803,2.44081906893505,1.52220705686272
-7_-48,-7,-48,CHEES_-35_4200.csv,-35,4200,3.71546024202668,2.44768943490098,1.51794594079171
-12_-56,-12,-56,CHEES_-35_4200.csv,-35,4200,3.71559262266123,2.4588259869945,1.51112467588767
-10_-56,-10,-56,CHEES_-35_4200.csv,-35,4200,3.71577310894894,2.45289882881138,1.51484972201219
-6_-48,-6,-48,CHEES_-35_4200.csv,-35,4200,3.7161805670266,2.44600964211155,1.51928287732282
-5_-48,-5,-48,CHEES_-35_4200.csv,-35,4200,3.71655388444283,2.44427121895637,1.52051615860767
-26_-52,-26,-52,CHEES_-35_4200.csv,-35,4200,3.71687207970491,2.53381709677272,1.46690622793533
-14_-56,-14,-56,CHEES_-35_4200.csv,-35,4200,3.71721287369685,2.46564394436401,1.50760327021008
-16_-56,-16,-56,CHEES_-35_4200.csv,-35,4200,3.71806472523978,2.47334866090424,1.50325135473641
-24_-54,-24,-54,CHEES_-35_4200.csv,-35,4200,3.71858943306374,2.51805600143192,1.47676994909927
-18_-56,-18,-56,CHEES_-35_4200.csv,-35,4200,3.72022179650379,2.48233150710842,1.49868048882695
-28_-50,-28,-50,CHEES_-35_4200.csv,-35,4200,3.72143956501876,2.55464827107034,1.4567326575488
-28_-48,-28,-48,CHEES_-35_4200.csv,-35,4200,3.72178528896197,2.55089968794212,1.45900887696781
-20_-56,-20,-56,CHEES_-35_4200.csv,-35,4200,3.72380232923345,2.49329541845563,1.49352631929192
-22_-46,-22,-46,CHEES_-35_4200.csv,-35,4200,3.7250409157654,2.49560255241319,1.49264189210071
-24_-46,-24,-46,CHEES_-35_4200.csv,-35,4200,3.72549596131717,2.50830376793723,1.48526506595369
-20_-46,-20,-46,CHEES_-35_4200.csv,-35,4200,3.72646244602028,2.48589203185504,1.49904436647616
-26_-46,-26,-46,CHEES_-35_4200.csv,-35,4200,3.72697041385267,2.52474832422042,1.47617502231771
-18_-46,-18,-46,CHEES_-35_4200.csv,-35,4200,3.727539513612,2.47754051778859,1.50453221121854
-22_-56,-22,-56,CHEES_-35_4200.csv,-35,4200,3.72780066818834,2.50596819580309,1.48756902598826
-26_-54,-26,-54,CHEES_-35_4200.csv,-35,4200,3.72830663587356,2.53738919712043,1.46934756406492
-28_-52,-28,-52,CHEES_-35_4200.csv,-35,4200,3.72877362608195,2.55852406265473,1.45739243984791
-5_-58,-5,-58,CHEES_-35_4200.csv,-35,4200,3.72895263677893,2.44192506044187,1.52705449368056
-16_-46,-16,-46,CHEES_-35_4200.csv,-35,4200,3.72926339454775,2.47126280826239,1.50905172128168
-6_-58,-6,-58,CHEES_-35_4200.csv,-35,4200,3.72969922900653,2.44445501559573,1.52577944990228
-7_-58,-7,-58,CHEES_-35_4200.csv,-35,4200,3.729785300777,2.44678725176054,1.52436028023822
-8_-58,-8,-58,CHEES_-35_4200.csv,-35,4200,3.73044847682242,2.44929490125613,1.52307036400935
-14_-46,-14,-46,CHEES_-35_4200.csv,-35,4200,3.73049138845756,2.46547042556962,1.51309516827632
-10_-58,-10,-58,CHEES_-35_4200.csv,-35,4200,3.73075547146283,2.45480028302115,1.51977963228493
-28_-46,-28,-46,CHEES_-35_4200.csv,-35,4200,3.73150065238004,2.54703238252456,1.46503855937688
-12_-46,-12,-46,CHEES_-35_4200.csv,-35,4200,3.73183239904695,2.46064147549336,1.51660956551938
-12_-58,-12,-58,CHEES_-35_4200.csv,-35,4200,3.73222664895373,2.46101462362121,1.51653980969119
-10_-46,-10,-46,CHEES_-35_4200.csv,-35,4200,3.73377619365812,2.45656533455296,1.51991731754107
-14_-58,-14,-58,CHEES_-35_4200.csv,-35,4200,3.73380521903695,2.46810168535419,1.51282471106984
-16_-58,-16,-58,CHEES_-35_4200.csv,-35,4200,3.73514448358886,2.47621176543615,1.50841076507484
-8_-46,-8,-46,CHEES_-35_4200.csv,-35,4200,3.73525180427889,2.45304706833321,1.52269879061755
-24_-56,-24,-56,CHEES_-35_4200.csv,-35,4200,3.73542508174675,2.52172927405024,1.48129504629462
-7_-46,-7,-46,CHEES_-35_4200.csv,-35,4200,3.73605089275594,2.45124174267305,1.52414624299022
-6_-46,-6,-46,CHEES_-35_4200.csv,-35,4200,3.7365879682738,2.44979474488768,1.52526572933159
-30_-48,-30,-48,CHEES_-35_4200.csv,-35,4200,3.73725177809279,2.58426757156146,1.44615511923739
-5_-46,-5,-46,CHEES_-35_4200.csv,-35,4200,3.73738419812107,2.44834454103685,1.52649438650424
-18_-58,-18,-58,CHEES_-35_4200.csv,-35,4200,3.73823007790377,2.48557106970051,1.5039723158486
-30_-50,-30,-50,CHEES_-35_4200.csv,-35,4200,3.74057848492132,2.58867386751907,1.44497865561806
-28_-54,-28,-54,CHEES_-35_4200.csv,-35,4200,3.74295580550606,2.5625197497943,1.46065442258797
-30_-46,-30,-46,CHEES_-35_4200.csv,-35,4200,3.74330199027228,2.57951034815466,1.45116765782707
-20_-58,-20,-58,CHEES_-35_4200.csv,-35,4200,3.74415863423861,2.49699968566743,1.49946299782486
-26_-56,-26,-56,CHEES_-35_4200.csv,-35,4200,3.74630480026639,2.54132348611341,1.47415503013976
-5_-60,-5,-60,CHEES_-35_4300.csv,-35,4300,3.74760592986009,2.46270037071369,1.52174660564737
-22_-58,-22,-58,CHEES_-35_4200.csv,-35,4200,3.74832432477303,2.50958851691457,1.49360116190739
-6_-60,-6,-60,CHEES_-35_4200.csv,-35,4200,3.74887982843048,2.44657071523488,1.53229980441034
-8_-60,-8,-60,CHEES_-35_4200.csv,-35,4200,3.74908801999801,2.45163022392693,1.52922246732334
-7_-60,-7,-60,CHEES_-35_4200.csv,-35,4200,3.7492680538226,2.44902332279188,1.53092378456749
-10_-60,-10,-60,CHEES_-35_4200.csv,-35,4200,3.75002570936818,2.4573134422351,1.52606730786337
-30_-52,-30,-52,CHEES_-35_4200.csv,-35,4200,3.75058298839903,2.59284839052217,1.44651071852439
-26_-44,-26,-44,CHEES_-35_4200.csv,-35,4200,3.7513110629093,2.52215193192329,1.48734539558397
-12_-60,-12,-60,CHEES_-35_4200.csv,-35,4200,3.75164656744627,2.46373512489102,1.52274752652732
-24_-44,-24,-44,CHEES_-35_4200.csv,-35,4200,3.75197011458699,2.50708743010106,1.49654538152096
-28_-44,-28,-44,CHEES_-35_4200.csv,-35,4200,3.75374090326171,2.54287312788698,1.47618096321656
-14_-60,-14,-60,CHEES_-35_4200.csv,-35,4200,3.75382147611926,2.47113907069478,1.51906524429798
-22_-44,-22,-44,CHEES_-35_4200.csv,-35,4200,3.75419155145222,2.49574940540498,1.5042341764449
-20_-44,-20,-44,CHEES_-35_4200.csv,-35,4200,3.75613070988386,2.48686027327525,1.51039073254283
-24_-58,-24,-58,CHEES_-35_4200.csv,-35,4200,3.7562936840796,2.52549834484655,1.48734751370737
-16_-60,-16,-60,CHEES_-35_4200.csv,-35,4200,3.75666847676886,2.47937616303637,1.51516681202914
-18_-44,-18,-44,CHEES_-35_4200.csv,-35,4200,3.75783595424647,2.4795291071086,1.51554419888561
-16_-44,-16,-44,CHEES_-35_4200.csv,-35,4200,3.7597214290604,2.47365960573498,1.51990250410517
-18_-60,-18,-60,CHEES_-35_4200.csv,-35,4200,3.76055135255045,2.48905430524039,1.51083539826073
-30_-44,-30,-44,CHEES_-35_4200.csv,-35,4200,3.76100284676149,2.57378493798981,1.46127315893725
-14_-44,-14,-44,CHEES_-35_4200.csv,-35,4200,3.76210047841955,2.46885524227178,1.52382384110854
-28_-56,-28,-56,CHEES_-35_4200.csv,-35,4200,3.7622794643589,2.56651614643925,1.46590913506569
-12_-44,-12,-44,CHEES_-35_4200.csv,-35,4200,3.76394694515342,2.46451405248613,1.52725724625366
-20_-60,-20,-60,CHEES_-35_4200.csv,-35,4200,3.76533710534124,2.50033981372021,1.50593014784613
-10_-44,-10,-44,CHEES_-35_4200.csv,-35,4200,3.76582280051313,2.46095277121235,1.53022961048454
-8_-44,-8,-44,CHEES_-35_4200.csv,-35,4200,3.76760538401477,2.45772998734078,1.53296147397024
-30_-54,-30,-54,CHEES_-35_4200.csv,-35,4200,3.76790993045406,2.59689529816583,1.45092870440919
-7_-44,-7,-44,CHEES_-35_4200.csv,-35,4200,3.76792098201513,2.45624186436172,1.53401871236091
-26_-58,-26,-58,CHEES_-35_4200.csv,-35,4200,3.76822036586408,2.54531999932526,1.48045053936755
-6_-44,-6,-44,CHEES_-35_4200.csv,-35,4200,3.76912675201923,2.45489632527096,1.53535068394516
-5_-44,-5,-44,CHEES_-35_4200.csv,-35,4200,3.76972997136554,2.45357202730448,1.53642523203487
-22_-60,-22,-60,CHEES_-35_4200.csv,-35,4200,3.77132971332377,2.51355763629963,1.5003951605724
-24_-60,-24,-60,CHEES_-35_4200.csv,-35,4200,3.78122662361898,2.5299303372642,1.49459713096602
-28_-58,-28,-58,CHEES_-35_4200.csv,-35,4200,3.78671350639851,2.57084524641232,1.47294494356786
-30_-56,-30,-56,CHEES_-35_4200.csv,-35,4200,3.78974028624804,2.60097167087641,1.45704789047974
-26_-42,-26,-42,CHEES_-35_4200.csv,-35,4200,3.79120207188546,2.51869938423536,1.50522213790766
-28_-42,-28,-42,CHEES_-35_4200.csv,-35,4200,3.79146131821226,2.53789490474889,1.49393945002124
-30_-42,-30,-42,CHEES_-35_4200.csv,-35,4200,3.79240344400301,2.56594397401078,1.4779759349442
-24_-42,-24,-42,CHEES_-35_4200.csv,-35,4200,3.79386775696861,2.50527383827526,1.51435252266893
-26_-60,-26,-60,CHEES_-35_4200.csv,-35,4200,3.79491268181836,2.54990076829515,1.48825896638936
-22_-42,-22,-42,CHEES_-35_4200.csv,-35,4200,3.79728665684375,2.49547677093833,1.52166780354999
-20_-42,-20,-42,CHEES_-35_4200.csv,-35,4200,3.80010473251457,2.48770830461429,1.52755237640442
-18_-42,-18,-42,CHEES_-35_4200.csv,-35,4200,3.80279314132414,2.48178565274861,1.5322810562276
-16_-42,-16,-42,CHEES_-35_4200.csv,-35,4200,3.80514991247413,2.47659153570234,1.53644630437414
-14_-42,-14,-42,CHEES_-35_4200.csv,-35,4200,3.80686033207999,2.47243878801245,1.53971873865491
-12_-42,-12,-42,CHEES_-35_4200.csv,-35,4200,3.80923977943279,2.46880611565182,1.54294812998188
-10_-42,-10,-42,CHEES_-35_4200.csv,-35,4200,3.810642926978,2.46587717364786,1.54534985266147
-8_-42,-8,-42,CHEES_-35_4200.csv,-35,4200,3.81263123281382,2.46330535756853,1.54777044636366
-7_-42,-7,-42,CHEES_-35_4200.csv,-35,4200,3.81325778049548,2.46215619075841,1.54874731132345
-28_-60,-28,-60,CHEES_-35_4200.csv,-35,4200,3.81386832754569,2.57524413590625,1.48097350242234
-6_-42,-6,-42,CHEES_-35_4200.csv,-35,4200,3.8140794752151,2.46096444339348,1.54983119949339
-5_-42,-5,-42,CHEES_-35_4200.csv,-35,4200,3.81482468541181,2.46002059362493,1.5507287602786
-30_-58,-30,-58,CHEES_-35_4200.csv,-35,4200,3.81574570727078,2.60512871910304,1.46470524826296
-30_-40,-30,-40,CHEES_-35_4200.csv,-35,4200,3.8417508941439,2.55452074349521,1.5039027981771
-28_-40,-28,-40,CHEES_-35_4200.csv,-35,4200,3.84472086208652,2.52982971864816,1.51975480157652
-30_-60,-30,-60,CHEES_-35_4200.csv,-35,4200,3.84475620684822,2.60930639208164,1.47347824637067
-26_-40,-26,-40,CHEES_-35_4200.csv,-35,4200,3.84896615231009,2.51424418964517,1.53086409353631
-24_-40,-24,-40,CHEES_-35_4200.csv,-35,4200,3.8536034331624,2.50355060756381,1.5392552567221
-22_-40,-22,-40,CHEES_-35_4200.csv,-35,4200,3.85667310116707,2.49537098948143,1.54553095208041
-20_-40,-20,-40,CHEES_-35_4200.csv,-35,4200,3.86060844866271,2.48959955351055,1.55069454572279
-18_-40,-18,-40,CHEES_-35_4200.csv,-35,4200,3.8632696407077,2.48459878329496,1.55488671518402
-16_-40,-16,-40,CHEES_-35_4200.csv,-35,4200,3.86694064241491,2.48108806947458,1.55856645718901
-14_-40,-14,-40,CHEES_-35_4200.csv,-35,4200,3.86790135872387,2.47761569814115,1.56113854203693
-12_-40,-12,-40,CHEES_-35_4200.csv,-35,4200,3.86927939884386,2.47477943362457,1.5634845458437
-10_-40,-10,-40,CHEES_-35_4200.csv,-35,4200,3.87146137755177,2.47257004130473,1.5657640887329
-8_-40,-8,-40,CHEES_-35_4200.csv,-35,4200,3.87299168613315,2.47048046318539,1.56770787862835
-7_-40,-7,-40,CHEES_-35_4200.csv,-35,4200,3.87329832561912,2.46959238039299,1.56839580344136
-6_-40,-6,-40,CHEES_-35_4200.csv,-35,4200,3.87422172547003,2.46893850806322,1.56918518335606
-5_-40,-5,-40,CHEES_-35_4200.csv,-35,4200,3.87481360023797,2.46799732515365,1.57002341969586
-30_-38,-30,-38,CHEES_-35_4200.csv,-35,4200,3.91795220217842,2.5405206062715,1.54218477602843
-28_-38,-28,-38,CHEES_-35_4200.csv,-35,4200,3.92516320203711,2.52200848821322,1.55636399337339
-26_-38,-26,-38,CHEES_-35_4200.csv,-35,4200,3.93094922080423,2.51088140445128,1.56556546790121
-24_-38,-24,-38,CHEES_-35_4200.csv,-35,4200,3.93631036802643,2.50353907323422,1.57229835559997
-22_-38,-22,-38,CHEES_-35_4200.csv,-35,4200,3.93983382569954,2.49809507770968,1.57713525832319
-20_-38,-20,-38,CHEES_-35_4200.csv,-35,4200,3.94261350171368,2.49408221685798,1.58078730326723
-18_-38,-18,-38,CHEES_-35_4200.csv,-35,4200,3.94588465299214,2.49095448999667,1.58408540534894
-16_-38,-16,-38,CHEES_-35_4200.csv,-35,4200,3.94717187309997,2.48820808634322,1.58635119577194
-14_-38,-14,-38,CHEES_-35_4200.csv,-35,4200,3.94979346296527,2.48636469474381,1.58858170376822
-12_-38,-12,-38,CHEES_-35_4200.csv,-35,4200,3.95015353713745,2.48431979392916,1.59003424067638
-10_-38,-10,-38,CHEES_-35_4200.csv,-35,4200,3.95170283202207,2.48296751152332,1.59152417970933
-8_-38,-8,-38,CHEES_-35_4200.csv,-35,4200,3.95334302945745,2.48163268267384,1.59304116884772
-7_-38,-7,-38,CHEES_-35_4200.csv,-35,4200,3.95412513904983,2.48125434780239,1.59359927874865
-6_-38,-6,-38,CHEES_-35_4200.csv,-35,4200,3.95469614194299,2.48081363883341,1.5941125443839
-5_-38,-5,-38,CHEES_-35_4200.csv,-35,4200,3.95515510503426,2.48028496879035,1.5946373722384
-30_-37,-30,-37,CHEES_-35_4200.csv,-35,4200,3.97001188217238,2.53100870372498,1.5685492808972
-28_-37,-28,-37,CHEES_-35_4200.csv,-35,4200,3.97810338278939,2.51739480914147,1.58024612124551
-26_-37,-26,-37,CHEES_-35_4200.csv,-35,4200,3.98428944816043,2.50928263164215,1.58782011955066
-24_-37,-24,-37,CHEES_-35_4200.csv,-35,4200,3.98793312785574,2.50374337878527,1.59278828718882
-22_-37,-22,-37,CHEES_-35_4200.csv,-35,4200,3.99103113439726,2.49981307552491,1.59653182610833
-20_-37,-20,-37,CHEES_-35_4200.csv,-35,4200,3.9934790511819,2.49694550276307,1.5993456992805
-18_-37,-18,-37,CHEES_-35_4200.csv,-35,4200,3.99590546972346,2.49474825212098,1.60172693430138
-16_-37,-16,-37,CHEES_-35_4200.csv,-35,4200,3.99750135748557,2.49300519997255,1.60348697127851
-14_-37,-14,-37,CHEES_-35_4200.csv,-35,4200,3.99888262140262,2.49151355350079,1.60500135180234
-12_-37,-12,-37,CHEES_-35_4200.csv,-35,4200,4.00018976496647,2.49035815076117,1.60627087463055
-10_-37,-10,-37,CHEES_-35_4200.csv,-35,4200,4.00073435726526,2.48919537351372,1.60723999402982
-8_-37,-8,-37,CHEES_-35_4200.csv,-35,4200,4.0016579530497,2.48829641934826,1.60819182229817
-7_-37,-7,-37,CHEES_-35_4200.csv,-35,4200,4.00183522413126,2.4878452309339,1.60855473418217
-6_-37,-6,-37,CHEES_-35_4200.csv,-35,4200,4.0022373065232,2.48759215101964,1.60888001872924
-5_-37,-5,-37,CHEES_-35_4200.csv,-35,4200,4.00259743430944,2.48730446301546,1.60921089228334
-30_-36,-30,-36,CHEES_-35_4200.csv,-35,4200,4.03536744029668,2.51936218349333,1.60174168951812
-28_-36,-28,-36,CHEES_-35_4200.csv,-35,4200,4.04199479540341,2.51150823286765,1.60938942684183
-26_-36,-26,-36,CHEES_-35_4200.csv,-35,4200,4.04614096183975,2.50695341054565,1.61396735368891
-24_-36,-24,-36,CHEES_-35_4200.csv,-35,4200,4.04896559974155,2.50394591350593,1.61703396942482
-22_-36,-22,-36,CHEES_-35_4200.csv,-35,4200,4.05145164171441,2.50210086917193,1.61921994897641
-20_-36,-20,-36,CHEES_-35_4200.csv,-35,4200,4.05284308311717,2.50052091246033,1.62079951538157
-18_-36,-18,-36,CHEES_-35_4200.csv,-35,4200,4.05405964551724,2.49936612712792,1.62203512383192
-16_-36,-16,-36,CHEES_-35_4200.csv,-35,4200,4.05457125171942,2.49830421495389,1.62292935642117
-14_-36,-14,-36,CHEES_-35_4200.csv,-35,4200,4.05540092226169,2.49748167170006,1.62379606954278
-12_-36,-12,-36,CHEES_-35_4200.csv,-35,4200,4.05647853410542,2.49690828683599,1.62460053318405
-10_-36,-10,-36,CHEES_-35_4200.csv,-35,4200,4.0571363146982,2.49650111685905,1.62512898043589
-8_-36,-8,-36,CHEES_-35_4200.csv,-35,4200,4.0575806332875,2.49602320927752,1.62561815058682
-6_-36,-6,-36,CHEES_-35_4200.csv,-35,4200,4.05771372270235,2.49562903558536,1.62592823887008
-7_-36,-7,-36,CHEES_-35_4200.csv,-35,4200,4.05775606406681,2.49580517120583,1.62583045779424
-5_-36,-5,-36,CHEES_-35_4200.csv,-35,4200,4.05824144331799,2.49550288743377,1.62622189850129
-30_-35,-30,-35,CHEES_-34_4200.csv,-34,4200,4.11339295688778,2.63416178421456,1.5615566900779
-10_-35,-10,-35,CHEES_-35_4200.csv,-35,4200,4.12007554618812,2.50444022962656,1.64510835493265
-12_-35,-12,-35,CHEES_-35_4200.csv,-35,4200,4.12007554618812,2.50444022962656,1.64510835493265
-14_-35,-14,-35,CHEES_-35_4200.csv,-35,4200,4.12007554618812,2.50444022962656,1.64510835493265
-16_-35,-16,-35,CHEES_-35_4200.csv,-35,4200,4.12007554618812,2.50444022962656,1.64510835493265
-18_-35,-18,-35,CHEES_-35_4200.csv,-35,4200,4.12007554618812,2.50444022962656,1.64510835493265
-20_-35,-20,-35,CHEES_-35_4200.csv,-35,4200,4.12007554618812,2.50444022962656,1.64510835493265
-22_-35,-22,-35,CHEES_-35_4200.csv,-35,4200,4.12007554618812,2.50444022962656,1.64510835493265
-24_-35,-24,-35,CHEES_-35_4200.csv,-35,4200,4.12007554618812,2.50444022962656,1.64510835493265
-26_-35,-26,-35,CHEES_-35_4200.csv,-35,4200,4.12007554618812,2.50444022962656,1.64510835493265
-28_-35,-28,-35,CHEES_-35_4200.csv,-35,4200,4.12007554618812,2.50444022962656,1.64510835493265
-5_-35,-5,-35,CHEES_-35_4200.csv,-35,4200,4.12007554618812,2.50444022962656,1.64510835493265
-6_-35,-6,-35,CHEES_-35_4200.csv,-35,4200,4.12007554618812,2.50444022962656,1.64510835493265
-7_-35,-7,-35,CHEES_-35_4200.csv,-35,4200,4.12007554618812,2.50444022962656,1.64510835493265
-8_-35,-8,-35,CHEES_-35_4200.csv,-35,4200,4.12007554618812,2.50444022962656,1.64510835493265
-10_-34,-10,-34,CHEES_-34_4200.csv,-34,4200,4.20979577005078,2.6167129849341,1.60881066983233
-12_-34,-12,-34,CHEES_-34_4200.csv,-34,4200,4.20979577005078,2.6167129849341,1.60881066983233
-14_-34,-14,-34,CHEES_-34_4200.csv,-34,4200,4.20979577005078,2.6167129849341,1.60881066983233
-16_-34,-16,-34,CHEES_-34_4200.csv,-34,4200,4.20979577005078,2.6167129849341,1.60881066983233
-18_-34,-18,-34,CHEES_-34_4200.csv,-34,4200,4.20979577005078,2.6167129849341,1.60881066983233
-20_-34,-20,-34,CHEES_-34_4200.csv,-34,4200,4.20979577005078,2.6167129849341,1.60881066983233
-22_-34,-22,-34,CHEES_-34_4200.csv,-34,4200,4.20979577005078,2.6167129849341,1.60881066983233
-24_-34,-24,-34,CHEES_-34_4200.csv,-34,4200,4.20979577005078,2.6167129849341,1.60881066983233
-26_-34,-26,-34,CHEES_-34_4200.csv,-34,4200,4.20979577005078,2.6167129849341,1.60881066983233
-28_-34,-28,-34,CHEES_-34_4200.csv,-34,4200,4.20979577005078,2.6167129849341,1.60881066983233
-30_-34,-30,-34,CHEES_-34_4200.csv,-34,4200,4.20979577005078,2.6167129849341,1.60881066983233
-5_-34,-5,-34,CHEES_-34_4200.csv,-34,4200,4.20979577005078,2.6167129849341,1.60881066983233
-6_-34,-6,-34,CHEES_-34_4200.csv,-34,4200,4.20979577005078,2.6167129849341,1.60881066983233
-7_-34,-7,-34,CHEES_-34_4200.csv,-34,4200,4.20979577005078,2.6167129849341,1.60881066983233
-8_-34,-8,-34,CHEES_-34_4200.csv,-34,4200,4.20979577005078,2.6167129849341,1.60881066983233
-10_-32,-10,-32,CHEES_-32_4200.csv,-32,4200,4.48123966394319,2.91409659731311,1.53778006812644
-12_-32,-12,-32,CHEES_-32_4200.csv,-32,4200,4.48123966394319,2.91409659731311,1.53778006812644
-14_-32,-14,-32,CHEES_-32_4200.csv,-32,4200,4.48123966394319,2.91409659731311,1.53778006812644
-16_-32,-16,-32,CHEES_-32_4200.csv,-32,4200,4.48123966394319,2.91409659731311,1.53778006812644
-18_-32,-18,-32,CHEES_-32_4200.csv,-32,4200,4.48123966394319,2.91409659731311,1.53778006812644
-20_-32,-20,-32,CHEES_-32_4200.csv,-32,4200,4.48123966394319,2.91409659731311,1.53778006812644
-22_-32,-22,-32,CHEES_-32_4200.csv,-32,4200,4.48123966394319,2.91409659731311,1.53778006812644
-24_-32,-24,-32,CHEES_-32_4200.csv,-32,4200,4.48123966394319,2.91409659731311,1.53778006812644
-26_-32,-26,-32,CHEES_-32_4200.csv,-32,4200,4.48123966394319,2.91409659731311,1.53778006812644
-28_-32,-28,-32,CHEES_-32_4200.csv,-32,4200,4.48123966394319,2.91409659731311,1.53778006812644
-30_-32,-30,-32,CHEES_-32_4200.csv,-32,4200,4.48123966394319,2.91409659731311,1.53778006812644
-5_-32,-5,-32,CHEES_-32_4200.csv,-32,4200,4.48123966394319,2.91409659731311,1.53778006812644
-6_-32,-6,-32,CHEES_-32_4200.csv,-32,4200,4.48123966394319,2.91409659731311,1.53778006812644
-7_-32,-7,-32,CHEES_-32_4200.csv,-32,4200,4.48123966394319,2.91409659731311,1.53778006812644
-8_-32,-8,-32,CHEES_-32_4200.csv,-32,4200,4.48123966394319,2.91409659731311,1.53778006812644
